character, Positive, Negative, Neutral
arya, 0.09531333027943195, 0.10607787448465414, 0.7986099404489236
bran, 0.07894999999999999, 0.07546562499999997, 0.8455825892857146
bronn, 0.11187250996015935, 0.08888379814077024, 0.7992403718459492
cersei, 0.08619857607181543, 0.12025924779445904, 0.793535985141619
daenerys, 0.09497987927565388, 0.0929875724937863, 0.8120281690140841
davos, 0.11748771929824567, 0.0755522807017544, 0.8069656140350875
gilly, 0.09016952789699573, 0.06726323319027182, 0.8425636623748214
hound, 0.08861349693251536, 0.08698904469763363, 0.8244035933391758
jamie, 0.09103333333333334, 0.12193888888888889, 0.7870122222222222
jon, 0.09034313474814626, 0.08419849995738515, 0.825457257308446
melisandre, 0.08672649572649573, 0.08561111111111115, 0.8276581196581196
missandei, 0.09758854166666665, 0.064640625, 0.837770833333333
petyr, 0.09370272343690064, 0.10495435366321448, 0.8013440736478711
sam, 0.08263845991114872, 0.07885149143219797, 0.8385064522953243
theon, 0.08425705705705705, 0.09511351351351355, 0.8206342342342342
tormund, 0.11637467921300257, 0.09896407185628742, 0.784668947818648
tyrion, 0.11222302521008402, 0.08813042016806723, 0.7996458823529415
varys, 0.07466666666666669, 0.10999999999999999, 0.8153055555555554
