character, Positive, Negative, Neutral
arya, 0.09333812949640286, 0.08980695443645083, 0.8168579136690649
bran, 0.08342490842490846, 0.08518186813186811, 0.8313871794871794
bronn, 0.11592731629392974, 0.10109105431309909, 0.7829872204472842
cersei, 0.10010606643580862, 0.1306660253943824, 0.76922624086187
daenerys, 0.09538045397225722, 0.09749205548549811, 0.8071277427490544
davos, 0.1405983510011777, 0.07505064782096585, 0.7843521790341582
gilly, 0.09156060606060606, 0.05862121212121211, 0.8498484848484849
hound, 0.10338800705467367, 0.09689417989417992, 0.7997107583774251
jamie, 0.1026133434420015, 0.12126914329037154, 0.7761144806671719
jon, 0.09224484796080121, 0.08451909497045683, 0.8232393716673871
melisandre, 0.07759507829977629, 0.08925950782997759, 0.8331454138702462
missandei, 0.09454853273137702, 0.06908352144469522, 0.8363611738148983
petyr, 0.08525938337801606, 0.08650268096514747, 0.8282325737265418
sam, 0.092507191077194, 0.07473378338714409, 0.8327575579688868
theon, 0.09340069204152245, 0.101283044982699, 0.8053093425605541
tormund, 0.122920245398773, 0.06741717791411042, 0.8096625766871165
tyrion, 0.11454339339339345, 0.09995585585585585, 0.7855063063063064
varys, 0.08742553191489362, 0.0977446808510638, 0.8148404255319149
