character, Positive, Negative, Neutral
arya, 0.0986097445600757, 0.11725023651844847, 0.7841419110690633
bran, 0.07727344110854509, 0.07259030023094688, 0.8501321016166283
bronn, 0.10927225130890053, 0.08924607329842933, 0.8014816753926703
cersei, 0.09346117239887516, 0.116825438027255, 0.7897166342202031
daenerys, 0.08691955741626799, 0.07474013157894739, 0.8383385167464116
davos, 0.10751709401709407, 0.06045726495726496, 0.8320299145299146
gilly, 0.07080000000000002, 0.07238461538461538, 0.8568307692307695
hound, 0.10228671328671336, 0.09387520172135556, 0.8038477676169983
jamie, 0.09043728222996512, 0.10417595818815331, 0.805405923344948
jon, 0.09086140177690026, 0.09337393879565653, 0.8157615004935831
melisandre, 0.07610989010989012, 0.07191575091575092, 0.8519816849816852
missandei, 0.11772340425531916, 0.07553191489361703, 0.8067446808510639
petyr, 0.09185168334849862, 0.09972338489535934, 0.8084194722474978
sam, 0.0859171837065012, 0.07727839223091451, 0.8368036147828437
theon, 0.07861977573904178, 0.08079001019367993, 0.8405922528032618
tormund, 0.12404303278688524, 0.08621311475409835, 0.7897602459016396
tyrion, 0.11193478799900818, 0.08530969501611702, 0.8027530374411114
varys, 0.09723076923076923, 0.09098076923076923, 0.8118076923076921
